id;address;postal_code;tele_phone;longitude;latitude;created_date;last_modified_date
1;portal input;synthesize holistic payment;Convertible Marks Danish Krone;upward-trending connect;Keys Buckinghamshire;2021-01-11T17:13:08;2021-01-11T17:13:08
2;Orchestrator virtual;HDD;Lek RSS;integrate synergize;Legacy Rial Omani;2021-01-11T17:13:08;2021-01-11T17:13:08
3;Slovenia Creek;hack Cotton;Factors Finland;Small Soft Salad Cotton;olive web-enabled neutral;2021-01-11T17:13:08;2021-01-11T17:13:08
4;SDD Minnesota;Bedfordshire;Bedfordshire;Gorgeous Regional;Brand;2021-01-11T17:13:08;2021-01-11T17:13:08
5;Indian Rupee Ngultrum solid state;Handcrafted Fresh Salad Health RSS;channels;Personal Loan Account application;connecting Games TCP;2021-01-11T17:13:08;2021-01-11T17:13:08
6;Pennsylvania Uruguay;virtual intuitive;multi-state Libyan Dinar;quantifying solid state bypassing;Table;2021-01-11T17:13:08;2021-01-11T17:13:08
7;Specialist;Director ADP Ball;Executive hacking;GB primary;Response;2021-01-11T17:13:08;2021-01-11T17:13:08
8;Concrete;Architect product;red;France Money Market Account Corporate;back up;2021-01-11T17:13:08;2021-01-11T17:13:08
9;Assistant orchid SDR;Utah gold;XML;quantifying Mexico Belarus;Group monetize software;2021-01-11T17:13:08;2021-01-11T17:13:08
10;Money Market Account 24/7 Networked;Tasty;bandwidth North Carolina virtual;Outdoors Future;schemas deposit Table;2021-01-11T17:13:08;2021-01-11T17:13:08
